--
-- PostgreSQL database dump
--

-- Dumped from database version 12.22 (Ubuntu 12.22-0ubuntu0.20.04.4)
-- Dumped by pg_dump version 12.22 (Ubuntu 12.22-0ubuntu0.20.04.4)

SET statement_timeout = 0;
SET lock_timeout = 0;
SET idle_in_transaction_session_timeout = 0;
SET client_encoding = 'UTF8';
SET standard_conforming_strings = on;
SELECT pg_catalog.set_config('search_path', '', false);
SET check_function_bodies = false;
SET xmloption = content;
SET client_min_messages = warning;
SET row_security = off;

DROP DATABASE universe;
--
-- Name: universe; Type: DATABASE; Schema: -; Owner: freecodecamp
--

CREATE DATABASE universe WITH TEMPLATE = template0 ENCODING = 'UTF8' LC_COLLATE = 'C.UTF-8' LC_CTYPE = 'C.UTF-8';


ALTER DATABASE universe OWNER TO freecodecamp;

\connect universe

SET statement_timeout = 0;
SET lock_timeout = 0;
SET idle_in_transaction_session_timeout = 0;
SET client_encoding = 'UTF8';
SET standard_conforming_strings = on;
SELECT pg_catalog.set_config('search_path', '', false);
SET check_function_bodies = false;
SET xmloption = content;
SET client_min_messages = warning;
SET row_security = off;

SET default_tablespace = '';

SET default_table_access_method = heap;

--
-- Name: galaxy; Type: TABLE; Schema: public; Owner: freecodecamp
--

CREATE TABLE public.galaxy (
    galaxy_id integer NOT NULL,
    name character varying NOT NULL,
    description text,
    galaxy_type character varying NOT NULL,
    age_in_millions_of_years integer,
    has_life boolean NOT NULL
);


ALTER TABLE public.galaxy OWNER TO freecodecamp;

--
-- Name: galaxy_galaxy_id_seq; Type: SEQUENCE; Schema: public; Owner: freecodecamp
--

CREATE SEQUENCE public.galaxy_galaxy_id_seq
    AS integer
    START WITH 1
    INCREMENT BY 1
    NO MINVALUE
    NO MAXVALUE
    CACHE 1;


ALTER TABLE public.galaxy_galaxy_id_seq OWNER TO freecodecamp;

--
-- Name: galaxy_galaxy_id_seq; Type: SEQUENCE OWNED BY; Schema: public; Owner: freecodecamp
--

ALTER SEQUENCE public.galaxy_galaxy_id_seq OWNED BY public.galaxy.galaxy_id;


--
-- Name: moon; Type: TABLE; Schema: public; Owner: freecodecamp
--

CREATE TABLE public.moon (
    moon_id integer NOT NULL,
    name character varying NOT NULL,
    planet_id integer NOT NULL,
    is_spherical boolean NOT NULL,
    radius_km integer
);


ALTER TABLE public.moon OWNER TO freecodecamp;

--
-- Name: moon_moon_id_seq; Type: SEQUENCE; Schema: public; Owner: freecodecamp
--

CREATE SEQUENCE public.moon_moon_id_seq
    AS integer
    START WITH 1
    INCREMENT BY 1
    NO MINVALUE
    NO MAXVALUE
    CACHE 1;


ALTER TABLE public.moon_moon_id_seq OWNER TO freecodecamp;

--
-- Name: moon_moon_id_seq; Type: SEQUENCE OWNED BY; Schema: public; Owner: freecodecamp
--

ALTER SEQUENCE public.moon_moon_id_seq OWNED BY public.moon.moon_id;


--
-- Name: planet; Type: TABLE; Schema: public; Owner: freecodecamp
--

CREATE TABLE public.planet (
    planet_id integer NOT NULL,
    name character varying NOT NULL,
    star_id integer NOT NULL,
    has_life boolean NOT NULL,
    distance_from_earth numeric(10,2),
    is_spherical boolean NOT NULL
);


ALTER TABLE public.planet OWNER TO freecodecamp;

--
-- Name: planet_planet_id_seq; Type: SEQUENCE; Schema: public; Owner: freecodecamp
--

CREATE SEQUENCE public.planet_planet_id_seq
    AS integer
    START WITH 1
    INCREMENT BY 1
    NO MINVALUE
    NO MAXVALUE
    CACHE 1;


ALTER TABLE public.planet_planet_id_seq OWNER TO freecodecamp;

--
-- Name: planet_planet_id_seq; Type: SEQUENCE OWNED BY; Schema: public; Owner: freecodecamp
--

ALTER SEQUENCE public.planet_planet_id_seq OWNED BY public.planet.planet_id;


--
-- Name: spacecraft; Type: TABLE; Schema: public; Owner: freecodecamp
--

CREATE TABLE public.spacecraft (
    spacecraft_id integer NOT NULL,
    name character varying NOT NULL,
    description text,
    crew_capacity integer NOT NULL,
    in_service boolean NOT NULL
);


ALTER TABLE public.spacecraft OWNER TO freecodecamp;

--
-- Name: spacecraft_spacecraft_id_seq; Type: SEQUENCE; Schema: public; Owner: freecodecamp
--

CREATE SEQUENCE public.spacecraft_spacecraft_id_seq
    AS integer
    START WITH 1
    INCREMENT BY 1
    NO MINVALUE
    NO MAXVALUE
    CACHE 1;


ALTER TABLE public.spacecraft_spacecraft_id_seq OWNER TO freecodecamp;

--
-- Name: spacecraft_spacecraft_id_seq; Type: SEQUENCE OWNED BY; Schema: public; Owner: freecodecamp
--

ALTER SEQUENCE public.spacecraft_spacecraft_id_seq OWNED BY public.spacecraft.spacecraft_id;


--
-- Name: star; Type: TABLE; Schema: public; Owner: freecodecamp
--

CREATE TABLE public.star (
    star_id integer NOT NULL,
    name character varying NOT NULL,
    galaxy_id integer NOT NULL,
    star_type character varying NOT NULL,
    is_spherical boolean NOT NULL,
    age_in_millions_of_years integer
);


ALTER TABLE public.star OWNER TO freecodecamp;

--
-- Name: star_star_id_seq; Type: SEQUENCE; Schema: public; Owner: freecodecamp
--

CREATE SEQUENCE public.star_star_id_seq
    AS integer
    START WITH 1
    INCREMENT BY 1
    NO MINVALUE
    NO MAXVALUE
    CACHE 1;


ALTER TABLE public.star_star_id_seq OWNER TO freecodecamp;

--
-- Name: star_star_id_seq; Type: SEQUENCE OWNED BY; Schema: public; Owner: freecodecamp
--

ALTER SEQUENCE public.star_star_id_seq OWNED BY public.star.star_id;


--
-- Name: galaxy galaxy_id; Type: DEFAULT; Schema: public; Owner: freecodecamp
--

ALTER TABLE ONLY public.galaxy ALTER COLUMN galaxy_id SET DEFAULT nextval('public.galaxy_galaxy_id_seq'::regclass);


--
-- Name: moon moon_id; Type: DEFAULT; Schema: public; Owner: freecodecamp
--

ALTER TABLE ONLY public.moon ALTER COLUMN moon_id SET DEFAULT nextval('public.moon_moon_id_seq'::regclass);


--
-- Name: planet planet_id; Type: DEFAULT; Schema: public; Owner: freecodecamp
--

ALTER TABLE ONLY public.planet ALTER COLUMN planet_id SET DEFAULT nextval('public.planet_planet_id_seq'::regclass);


--
-- Name: spacecraft spacecraft_id; Type: DEFAULT; Schema: public; Owner: freecodecamp
--

ALTER TABLE ONLY public.spacecraft ALTER COLUMN spacecraft_id SET DEFAULT nextval('public.spacecraft_spacecraft_id_seq'::regclass);


--
-- Name: star star_id; Type: DEFAULT; Schema: public; Owner: freecodecamp
--

ALTER TABLE ONLY public.star ALTER COLUMN star_id SET DEFAULT nextval('public.star_star_id_seq'::regclass);


--
-- Data for Name: galaxy; Type: TABLE DATA; Schema: public; Owner: freecodecamp
--

INSERT INTO public.galaxy VALUES (1, 'Milky Way', 'Our home galaxy', 'Spiral', 13600, true);
INSERT INTO public.galaxy VALUES (2, 'Andromeda', 'Nearest spiral galaxy', 'Spiral', 14000, false);
INSERT INTO public.galaxy VALUES (3, 'Triangulum', 'Small spiral galaxy', 'Spiral', 13000, false);
INSERT INTO public.galaxy VALUES (4, 'Whirlpool', 'Interacting galaxy', 'Spiral', 10000, false);
INSERT INTO public.galaxy VALUES (5, 'Sombrero', 'Unusual shape', 'Elliptical', 12000, false);
INSERT INTO public.galaxy VALUES (6, 'Large Magellanic Cloud', 'Irregular galaxy', 'Irregular', 11000, false);


--
-- Data for Name: moon; Type: TABLE DATA; Schema: public; Owner: freecodecamp
--

INSERT INTO public.moon VALUES (1, 'Moon', 1, true, 1737);
INSERT INTO public.moon VALUES (2, 'Phobos', 2, false, 11);
INSERT INTO public.moon VALUES (3, 'Deimos', 2, false, 6);
INSERT INTO public.moon VALUES (4, 'Europa', 4, true, 1560);
INSERT INTO public.moon VALUES (5, 'Io', 4, true, 1821);
INSERT INTO public.moon VALUES (6, 'Ganymede', 4, true, 2634);
INSERT INTO public.moon VALUES (7, 'Callisto', 4, true, 2410);
INSERT INTO public.moon VALUES (8, 'Titan', 5, true, 2575);
INSERT INTO public.moon VALUES (9, 'Rhea', 5, true, 763);
INSERT INTO public.moon VALUES (10, 'Iapetus', 5, true, 734);
INSERT INTO public.moon VALUES (11, 'Triton', 6, true, 1353);
INSERT INTO public.moon VALUES (12, 'Nereid', 6, false, 170);
INSERT INTO public.moon VALUES (13, 'Proteus', 6, false, 210);
INSERT INTO public.moon VALUES (14, 'Larissa', 6, false, 97);
INSERT INTO public.moon VALUES (15, 'Charon', 7, true, 606);
INSERT INTO public.moon VALUES (16, 'Styx', 7, false, 5);
INSERT INTO public.moon VALUES (17, 'Nix', 7, false, 49);
INSERT INTO public.moon VALUES (18, 'Hydra', 7, false, 61);
INSERT INTO public.moon VALUES (19, 'Kerberos', 7, false, 19);
INSERT INTO public.moon VALUES (20, 'Pan', 5, false, 14);


--
-- Data for Name: planet; Type: TABLE DATA; Schema: public; Owner: freecodecamp
--

INSERT INTO public.planet VALUES (1, 'Earth', 1, true, 0.00, true);
INSERT INTO public.planet VALUES (2, 'Mars', 1, false, 0.52, true);
INSERT INTO public.planet VALUES (3, 'Venus', 1, false, 0.28, true);
INSERT INTO public.planet VALUES (4, 'Jupiter', 1, false, 4.20, true);
INSERT INTO public.planet VALUES (5, 'Saturn', 1, false, 8.50, true);
INSERT INTO public.planet VALUES (6, 'Neptune', 1, false, 30.10, true);
INSERT INTO public.planet VALUES (7, 'Planet X', 2, false, 100.00, true);
INSERT INTO public.planet VALUES (8, 'Proxima b', 6, true, 4.24, true);
INSERT INTO public.planet VALUES (9, 'Gliese 581g', 3, true, 20.00, true);
INSERT INTO public.planet VALUES (10, 'Kepler-22b', 4, false, 600.00, true);
INSERT INTO public.planet VALUES (11, 'HD 209458 b', 5, false, 150.00, true);
INSERT INTO public.planet VALUES (12, 'Tau Ceti e', 2, false, 12.00, true);


--
-- Data for Name: spacecraft; Type: TABLE DATA; Schema: public; Owner: freecodecamp
--

INSERT INTO public.spacecraft VALUES (1, 'Apollo 11', 'First Moon landing mission', 3, false);
INSERT INTO public.spacecraft VALUES (2, 'ISS', 'International Space Station', 6, true);
INSERT INTO public.spacecraft VALUES (3, 'Voyager 1', 'Unmanned spacecraft', 0, true);


--
-- Data for Name: star; Type: TABLE DATA; Schema: public; Owner: freecodecamp
--

INSERT INTO public.star VALUES (1, 'Sun', 1, 'G-type', true, 4600);
INSERT INTO public.star VALUES (2, 'Alpha Centauri', 1, 'G-type', true, 5500);
INSERT INTO public.star VALUES (3, 'Betelgeuse', 1, 'Red Supergiant', true, 8000);
INSERT INTO public.star VALUES (4, 'Sirius', 1, 'A-type', true, 300);
INSERT INTO public.star VALUES (5, 'Rigel', 2, 'Blue Supergiant', true, 8000);
INSERT INTO public.star VALUES (6, 'Proxima Centauri', 1, 'Red Dwarf', true, 4500);


--
-- Name: galaxy_galaxy_id_seq; Type: SEQUENCE SET; Schema: public; Owner: freecodecamp
--

SELECT pg_catalog.setval('public.galaxy_galaxy_id_seq', 6, true);


--
-- Name: moon_moon_id_seq; Type: SEQUENCE SET; Schema: public; Owner: freecodecamp
--

SELECT pg_catalog.setval('public.moon_moon_id_seq', 20, true);


--
-- Name: planet_planet_id_seq; Type: SEQUENCE SET; Schema: public; Owner: freecodecamp
--

SELECT pg_catalog.setval('public.planet_planet_id_seq', 12, true);


--
-- Name: spacecraft_spacecraft_id_seq; Type: SEQUENCE SET; Schema: public; Owner: freecodecamp
--

SELECT pg_catalog.setval('public.spacecraft_spacecraft_id_seq', 3, true);


--
-- Name: star_star_id_seq; Type: SEQUENCE SET; Schema: public; Owner: freecodecamp
--

SELECT pg_catalog.setval('public.star_star_id_seq', 6, true);


--
-- Name: galaxy galaxy_name_key; Type: CONSTRAINT; Schema: public; Owner: freecodecamp
--

ALTER TABLE ONLY public.galaxy
    ADD CONSTRAINT galaxy_name_key UNIQUE (name);


--
-- Name: galaxy galaxy_pkey; Type: CONSTRAINT; Schema: public; Owner: freecodecamp
--

ALTER TABLE ONLY public.galaxy
    ADD CONSTRAINT galaxy_pkey PRIMARY KEY (galaxy_id);


--
-- Name: moon moon_name_key; Type: CONSTRAINT; Schema: public; Owner: freecodecamp
--

ALTER TABLE ONLY public.moon
    ADD CONSTRAINT moon_name_key UNIQUE (name);


--
-- Name: moon moon_pkey; Type: CONSTRAINT; Schema: public; Owner: freecodecamp
--

ALTER TABLE ONLY public.moon
    ADD CONSTRAINT moon_pkey PRIMARY KEY (moon_id);


--
-- Name: planet planet_name_key; Type: CONSTRAINT; Schema: public; Owner: freecodecamp
--

ALTER TABLE ONLY public.planet
    ADD CONSTRAINT planet_name_key UNIQUE (name);


--
-- Name: planet planet_pkey; Type: CONSTRAINT; Schema: public; Owner: freecodecamp
--

ALTER TABLE ONLY public.planet
    ADD CONSTRAINT planet_pkey PRIMARY KEY (planet_id);


--
-- Name: spacecraft spacecraft_name_key; Type: CONSTRAINT; Schema: public; Owner: freecodecamp
--

ALTER TABLE ONLY public.spacecraft
    ADD CONSTRAINT spacecraft_name_key UNIQUE (name);


--
-- Name: spacecraft spacecraft_pkey; Type: CONSTRAINT; Schema: public; Owner: freecodecamp
--

ALTER TABLE ONLY public.spacecraft
    ADD CONSTRAINT spacecraft_pkey PRIMARY KEY (spacecraft_id);


--
-- Name: star star_name_key; Type: CONSTRAINT; Schema: public; Owner: freecodecamp
--

ALTER TABLE ONLY public.star
    ADD CONSTRAINT star_name_key UNIQUE (name);


--
-- Name: star star_pkey; Type: CONSTRAINT; Schema: public; Owner: freecodecamp
--

ALTER TABLE ONLY public.star
    ADD CONSTRAINT star_pkey PRIMARY KEY (star_id);


--
-- Name: moon moon_planet_id_fkey; Type: FK CONSTRAINT; Schema: public; Owner: freecodecamp
--

ALTER TABLE ONLY public.moon
    ADD CONSTRAINT moon_planet_id_fkey FOREIGN KEY (planet_id) REFERENCES public.planet(planet_id);


--
-- Name: planet planet_star_id_fkey; Type: FK CONSTRAINT; Schema: public; Owner: freecodecamp
--

ALTER TABLE ONLY public.planet
    ADD CONSTRAINT planet_star_id_fkey FOREIGN KEY (star_id) REFERENCES public.star(star_id);


--
-- Name: star star_galaxy_id_fkey; Type: FK CONSTRAINT; Schema: public; Owner: freecodecamp
--

ALTER TABLE ONLY public.star
    ADD CONSTRAINT star_galaxy_id_fkey FOREIGN KEY (galaxy_id) REFERENCES public.galaxy(galaxy_id);


--
-- PostgreSQL database dump complete
--

